requisito;origem;design;invariantes;tarefas;testes;questoes
RF-HIS-001;ADR-0004|condomed/views.py pagination_class None;Arquitetura|Modelo de Dados e Contratos|Decisões;;T-HIS-1.1|T-HIS-1.2|T-HIS-1.4;CT-HIS-001|CT-HIS-002;PA-007
RF-HIS-002;MAPEAMENTO_CIPA_FASE2.md secao 3;Arquitetura|Modelo de Dados e Contratos|Fluxo Principal;;T-HIS-1.3|T-HIS-1.4;CT-HIS-003;PA-007
RNF-HIS-001;condomed/views.py PaginacaoHistorico;Tratamento de Erros;;T-HIS-1.1;CT-HIS-002;
RF-HIS-003;ADR-0007|PA-007|condomed/documentos.py;Arquitetura|Modelo de Dados e Contratos|Decisões;;T-HIS-2.1|T-HIS-2.2|T-HIS-2.3;CT-HIS-005;PA-007
RF-HIS-004;PA-007|PA-009|docs/curso-cipa/MAPEAMENTO_CIPA_FASE2.md secao 3;Arquitetura|Modelo de Dados e Contratos|Fluxo Principal|Tratamento de Erros|Decisões;;T-HIS-3.1|T-HIS-3.2|T-HIS-3.3|T-HIS-3.4;CT-HIS-006;PA-007|PA-009
RNF-HIS-002;PA-007;Decisões|Tratamento de Erros;;T-HIS-3.1|T-HIS-3.4;CT-HIS-006;PA-007
RF-HIS-005;PA-008|PA-012|PA-013|ADR-0007|docs/curso-cipa/MAPEAMENTO_CIPA_FASE2.md secao 4;Arquitetura|Modelo de Dados e Contratos|Fluxo Principal|Tratamento de Erros|Decisões;;T-HIS-4.1|T-HIS-4.2|T-HIS-4.3|T-HIS-4.5;CT-HIS-007;PA-012|PA-013
RF-HIS-006;PA-008|ADR-0007|docs/curso-cipa/ANALISE_CERTIFICADO_CIPA.md secao 1;Arquitetura|Modelo de Dados e Contratos|Fluxo Principal|Tratamento de Erros|Decisões;;T-HIS-4.3|T-HIS-4.4|T-HIS-4.5;CT-HIS-008;
RNF-HIS-003;ADR-0007|PA-013;Decisões|Tratamento de Erros;;T-HIS-4.1|T-HIS-4.2;CT-HIS-007;PA-013
